customer_id,customer_name,email,phone
1,Timothy Hines,Larry361@yahoo.com,9692290902
2,Mr. Chase Martin,Katherine583@yahoo.com,6335486847
3,Nancy Jones,Janice930@gmail.com,6585171774
4,William Wright DDS,Maurice107@yahoo.com,9171974471
5,Brandon Black,Jeremy300@gmail.com,8950798473
6,Steven Campbell,Jason228@yahoo.com,9453372255
7,George Novak,Denise173@yahoo.com,8961788650
8,Gregory Hood,Christopher969@gmail.com,7276311510
9,Christopher Howell,Kelly714@yahoo.com,9717741040
10,Jonathan Francis,Michael183@yahoo.com,7271199533
11,Jason Davis,Richard750@gmail.com,9778134163
12,Cynthia Bullock,Susan996@yahoo.com,6643472349
13,Haley Lawrence,Garrett567@gmail.com,8874706282
14,Brandy Bowman,Jennifer344@yahoo.com,7197846605
15,Lisa Barber,Sergio350@gmail.com,7719374030
16,Ashley Mccarthy,Kelly750@gmail.com,7937185625
17,Kevin Baker,Victor464@yahoo.com,7229852844
18,Christina Johnson,Darrell611@yahoo.com,6464490961
19,David Parker,Laura151@gmail.com,7587701021
20,Amanda Cooper,Yolanda546@gmail.com,7663889074
21,Christine Dickson,Alan606@yahoo.com,7262198428
22,Jessica Young,Sarah276@yahoo.com,6408706676
23,Stephanie Lambert,Tyler181@gmail.com,6168278130
24,Kevin Camacho,Michele622@gmail.com,7221675294
25,Kyle Adams,Oscar594@yahoo.com,8516982210
26,Theresa Bauer,Joshua379@yahoo.com,8872281777
27,Jason Wilson,Shannon370@gmail.com,9758618044
28,Brittany Gillespie,Mason936@gmail.com,6691799017
29,Natalie Keller,Brian599@yahoo.com,9620857307
30,Lisa Stokes,John540@gmail.com,6406535663
31,Pamela Payne,Bradley405@gmail.com,7604404279
32,Tony Figueroa,Jesse540@gmail.com,7723811717
33,Douglas Briggs,Barbara398@gmail.com,7336810211
34,Stephanie Lee,Brenda128@yahoo.com,9531214862
35,Anthony Costa,Melanie957@gmail.com,7930123807
36,Lauren Payne,Dale675@yahoo.com,6452240113
37,Daniel Williams,Cory887@gmail.com,8597404053
38,James Hodges,Jessica558@gmail.com,7460086576
39,Timothy Oliver,Maria380@yahoo.com,7297683411
40,Jose Humphrey Jr.,Michelle284@yahoo.com,8050029342
41,Donna Blackburn,Justin402@yahoo.com,8632005516
42,Gina Woods,Heather845@gmail.com,9922342699
43,Clinton Sanders,Oscar561@gmail.com,8192724518
44,Kelly Roy,Jillian777@yahoo.com,7743505375
45,Michael Burton,Cindy337@yahoo.com,6397518123
46,Dwayne Watkins,Jasmin812@gmail.com,7274326083
47,Mr. Jonathan Hudson,Kelly312@yahoo.com,8794580715
48,Jennifer Moore,Stephen761@gmail.com,7857052765
49,William Martinez,Chad108@yahoo.com,6008021161
50,Mary Lee,Gary839@gmail.com,7906046581
